id,Title,Post Type,Featured,best_software_statecity_name,best_software_statecity_image,Template,Order
,EHR - Andaman And Nicobar,page,https://healthray.com/wp-content/uploads/2024/07/Best-EHR-Software-In-Andaman-and-Nicobar-Islands-Healthray.webp,Andaman And Nicobar,42599,templates/template-ehr-state.php,3
,EHR - Andhra Pradesh,page,https://healthray.com/wp-content/uploads/2024/07/Best-EHR-Software-In-Andhra-Pradesh-Healthray.webp,Andhra Pradesh,42600,templates/template-ehr-state.php,4
,EHR - Arunachal Pradesh,page,https://healthray.com/wp-content/uploads/2024/07/Best-EHR-Software-In-Arunachal-Pradesh-Healthray.webp,Arunachal Pradesh,42601,templates/template-ehr-state.php,5
,EHR - Assam,page,https://healthray.com/wp-content/uploads/2024/07/Best-EHR-Software-In-Assam-Healthray.webp,Assam,42602,templates/template-ehr-state.php,6
,EHR - Bihar,page,https://healthray.com/wp-content/uploads/2024/07/Best-EHR-Software-In-Bihar-Healthray.webp,Bihar,42603,templates/template-ehr-state.php,7
,EHR - Chandigarh,page,https://healthray.com/wp-content/uploads/2024/07/Best-EHR-Software-In-Chandigarh-Healthray.webp,Chandigarh,42604,templates/template-ehr-state.php,8
,EHR - Chhattisgarh,page,https://healthray.com/wp-content/uploads/2024/07/Best-EHR-Software-In-Chhattisgarh-Healthray.webp,Chhattisgarh,42605,templates/template-ehr-state.php,9
,EHR - Dadar And Nagar Haveli,page,https://healthray.com/wp-content/uploads/2024/07/Best-EHR-Software-In-Dadra-Nagar-Haveli-Daman-Diu-Healthray.webp,Dadar And Nagar Haveli,42606,templates/template-ehr-state.php,10
,EHR - Delhi,page,https://healthray.com/wp-content/uploads/2024/07/Best-EHR-Software-In-Delhi-Healthray.webp,Delhi,42607,templates/template-ehr-state.php,11
,EHR - Goa,page,https://healthray.com/wp-content/uploads/2024/07/Best-EHR-Software-In-Goa-Healthray.webp,Goa,42608,templates/template-ehr-state.php,12
,EHR - Gujarat,page,https://healthray.com/wp-content/uploads/2024/07/Best-EHR-Software-In-Gujarat-Healthray.webp,Gujarat,42609,templates/template-ehr-state.php,13
,EHR - Haryana,page,https://healthray.com/wp-content/uploads/2024/07/Best-EHR-Software-In-Haryana-Healthray.webp,Haryana,42610,templates/template-ehr-state.php,14
,EHR - Himachal Pradesh,page,https://healthray.com/wp-content/uploads/2024/07/Best-EHR-Software-In-Himachal-Pradesh-Healthray.webp,Himachal Pradesh,42611,templates/template-ehr-state.php,15
,EHR - Jammu and Kashmir,page,https://healthray.com/wp-content/uploads/2024/07/Best-EHR-Software-In-Jammu-and-Kashmir-Healthray.webp,Jammu and Kashmir,42612,templates/template-ehr-state.php,16
,EHR - Jharkhand,page,https://healthray.com/wp-content/uploads/2024/07/Best-EHR-Software-In-Jharkhand-Healthray.webp,Jharkhand,42613,templates/template-ehr-state.php,17
,EHR - Karnataka,page,https://healthray.com/wp-content/uploads/2024/07/Best-EHR-Software-In-Karnataka-Healthray.webp,Karnataka,42614,templates/template-ehr-state.php,18
,EHR - Kerala,page,https://healthray.com/wp-content/uploads/2024/07/Best-EHR-Software-In-Kerala-Healthray.webp,Kerala,42615,templates/template-ehr-state.php,19
,EHR - Ladakh,page,https://healthray.com/wp-content/uploads/2024/07/Best-EHR-Software-In-Ladakh-Healthray.webp,Ladakh,42616,templates/template-ehr-state.php,20
,EHR - Lakshadweep,page,https://healthray.com/wp-content/uploads/2024/07/Best-EHR-Software-In-Lakshadweep-Healthray.webp,Lakshadweep,42617,templates/template-ehr-state.php,21
,EHR - Madhya Pradesh,page,https://healthray.com/wp-content/uploads/2024/07/Best-EHR-Software-In-Madhya-Pradesh-Healthray.webp,Madhya Pradesh,42618,templates/template-ehr-state.php,22
,EHR - Manipur,page,https://healthray.com/wp-content/uploads/2024/07/Best-EHR-Software-In-Manipur-Healthray.webp,Manipur,42620,templates/template-ehr-state.php,23
,EHR - Meghalaya,page,https://healthray.com/wp-content/uploads/2024/07/Best-EHR-Software-In-Meghalaya-Healthray.webp,Meghalaya,42621,templates/template-ehr-state.php,25
,EHR - Mizoram,page,https://healthray.com/wp-content/uploads/2024/07/Best-EHR-Software-In-Mizoram-Healthray.webp,Mizoram,42622,templates/template-ehr-state.php,26
,EHR - Nagaland,page,https://healthray.com/wp-content/uploads/2024/07/Best-EHR-Software-In-Nagaland-Healthray.webp,Nagaland,42623,templates/template-ehr-state.php,27
,EHR - Orissa,page,https://healthray.com/wp-content/uploads/2024/07/Best-EHR-Software-In-Odisha-Healthray.webp,Orissa,42624,templates/template-ehr-state.php,28
,EHR - Puducherry,page,https://healthray.com/wp-content/uploads/2024/07/Best-EHR-Software-In-Puducherry-Healthray.webp,Puducherry,42625,templates/template-ehr-state.php,29
,EHR - Punjab,page,https://healthray.com/wp-content/uploads/2024/07/Best-EHR-Software-In-Punjab-Healthray.webp,Punjab,42626,templates/template-ehr-state.php,30
,EHR - Rajasthan,page,https://healthray.com/wp-content/uploads/2024/07/Best-EHR-Software-In-Rajasthan-Healthray.webp,Rajasthan,42627,templates/template-ehr-state.php,31
,EHR - Sikkim,page,https://healthray.com/wp-content/uploads/2024/07/Best-EHR-Software-In-Sikkim-Healthray.webp,Sikkim,42628,templates/template-ehr-state.php,32
,EHR - Tamil Nadu,page,https://healthray.com/wp-content/uploads/2024/07/Best-EHR-Software-In-Tamil-Nadu-Healthray.webp,Tamil Nadu,42629,templates/template-ehr-state.php,33
,EHR - Telangana,page,https://healthray.com/wp-content/uploads/2024/07/Best-EHR-Software-In-Telangana-Healthray.webp,Telangana,42630,templates/template-ehr-state.php,34
,EHR - Tripura,page,https://healthray.com/wp-content/uploads/2024/07/Best-EHR-Software-In-Tripura-Healthray.webp,Tripura,42631,templates/template-ehr-state.php,35
,EHR - Uttar Pradesh,page,https://healthray.com/wp-content/uploads/2024/07/Best-EHR-Software-In-Uttar-Pradesh-Healthray.webp,Uttar Pradesh,42632,templates/template-ehr-state.php,36
,EHR - Uttarakhand,page,https://healthray.com/wp-content/uploads/2024/07/Best-EHR-Software-In-Uttarakhand-Healthray.webp,Uttarakhand,42633,templates/template-ehr-state.php,37
,EHR - West Bengal,page,https://healthray.com/wp-content/uploads/2024/07/Best-EHR-Software-In-West-Bengal-Healthray.webp,West Bengal,42634,templates/template-ehr-state.php,38
